{"cameraMode":{"drawMode":0,"name":"Shaded","section":"Shading Mode"},"sceneLighting":true,"audioPlay":false,"sceneViewState":{"m_AlwaysRefresh":false,"showFog":true,"showSkybox":true,"showFlares":true,"showImageEffects":true,"showParticleSystems":true,"showVisualEffectGraphs":true,"m_FxEnabled":true},"in2DMode":false,"pivot":{"x":-0.8027035593986511,"y":0.0006132908165454865,"z":0.6425352096557617},"rotation":{"x":-0.064982108771801,"y":0.16892997920513154,"z":0.011302557773888111,"w":0.9834837913513184},"size":0.3759322166442871,"orthographic":true}